season,week,team,season_type,opponent_team,passing_yards,passing_tds,passing_interceptions,passing_epa,rushing_yards,rushing_tds,rushing_epa,def_sacks,def_interceptions,def_tds,def_fumbles,def_safeties,penalties,penalty_yards,timeouts
2018,1,ARI,REG,WAS,153,0,1,-14.832660128929884,68,1,2.6908730455616023,3,0,0,0,0,9,67,3
2018,1,ATL,REG,PHI,251,0,1,-11.715433984411526,74,1,-2.645364354015328,2,1,0,0,0,15,135,4
2018,1,BAL,REG,BUF,260,3,0,7.138816173222507,117,3,-3.71889714882127,6,2,0,2,0,9,78,6
2018,1,BUF,REG,BAL,98,0,2,-27.864169023776302,83,0,-11.882840703241527,2,0,0,0,0,10,100,3
2018,1,CAR,REG,DAL,161,0,0,-0.6709656695717703,147,2,-5.725147355362307,6,0,0,0,0,9,80,5
2018,1,CHI,REG,GB,171,0,0,-5.010433086358351,139,1,2.5094146245974116,4,1,1,0,0,5,35,6
2018,1,CIN,REG,IND,243,2,1,2.6774968590396497,101,1,3.5367599068558775,2,1,0,0,0,8,94,4
2018,1,CLE,REG,PIT,197,1,1,-18.47776475029397,177,2,5.436473378475057,4,3,0,0,0,11,87,6
2018,1,DAL,REG,CAR,170,0,0,-8.960020205598092,94,1,1.2568337587146088,3,0,0,0,0,10,85,5
2018,1,DEN,REG,SEA,329,3,3,-3.8372416100535442,146,0,-4.030050700297579,6,2,0,0,0,7,60,0
2018,1,DET,REG,NYJ,300,1,5,-23.769879102222667,39,0,-3.412268857937306,2,1,1,0,0,3,15,2
2018,1,GB,REG,CHI,341,3,1,2.0231354776334314,69,0,-3.4063265141739976,3,0,0,0,0,8,72,4
2018,1,HOU,REG,NE,176,1,1,-9.509828350359676,167,1,-2.387900684028864,2,1,0,0,0,6,44,3
2018,1,IND,REG,CIN,319,2,1,7.078572847209987,75,0,-4.508840464600894,2,1,0,0,0,7,91,3
2018,1,JAX,REG,NYG,176,1,1,-4.275158427774458,137,0,-1.4565105725778267,2,1,1,0,0,11,119,4
2018,1,KC,REG,LAC,256,4,0,12.752110731986871,106,0,-1.2504126678977627,1,1,0,0,0,6,50,2
2018,1,LA,REG,LV,233,2,0,5.476922014947327,140,0,2.6140877338427853,1,3,1,0,0,8,70,4
2018,1,LAC,REG,KC,424,3,1,16.117956372414145,123,0,2.713911704704631,1,0,0,2,0,7,45,5
2018,1,LV,REG,LA,303,0,3,-12.649219629196766,95,1,0.032819932501297444,1,0,0,0,0,11,155,6
2018,1,MIA,REG,TEN,230,2,2,2.210084789735221,120,0,-3.554997094030851,0,3,0,0,0,7,51,5
2018,1,MIN,REG,SF,244,2,0,0.20115023544720323,116,0,-13.987624946399592,3,3,1,0,0,7,52,5
2018,1,NE,REG,HOU,277,3,1,8.182893924308008,122,0,-3.754402732235298,3,1,0,1,0,6,36,6
2018,1,NO,REG,TB,439,3,0,23.326555751027698,43,2,-5.878113981583621,0,0,0,0,0,8,77,5
2018,1,NYG,REG,JAX,224,0,1,-11.79819566015601,114,1,-3.1193118010418486,1,1,0,1,0,6,43,6
2018,1,NYJ,REG,DET,198,2,1,7.283899776113685,169,2,-6.094109924232938,0,5,1,1,0,7,49,4
2018,1,PHI,REG,ATL,132,0,1,-9.232809095237963,113,2,4.007251114802901,4,1,0,1,0,11,101,5
2018,1,PIT,REG,CLE,335,1,3,-6.687471224036439,159,2,-5.141361285641324,7,1,0,0,0,12,116,6
2018,1,SEA,REG,DEN,298,3,2,4.0963912148054895,64,0,-7.906329610064859,1,3,0,0,0,7,45,6
2018,1,SF,REG,MIN,261,1,3,-13.548579723725075,90,0,-8.591490788501687,3,0,0,1,0,3,21,5
2018,1,TB,REG,NO,417,4,0,29.170436745339323,112,1,-3.3298376791336937,1,0,0,0,0,7,70,3
2018,1,TEN,REG,MIA,220,0,3,-19.31427626011221,116,1,-0.14390061527956277,1,2,0,0,0,5,48,5
2018,1,WAS,REG,ARI,255,2,0,13.331766827388144,182,1,2.684754025453003,2,1,0,0,0,9,63,2
2018,2,ARI,REG,LA,90,0,1,-13.068715461879037,54,0,-3.6781777814030647,2,1,0,0,0,9,47,3
2018,2,ATL,REG,CAR,272,2,1,13.188189202279318,170,2,-0.2026413223137986,2,1,0,0,0,2,26,3
2018,2,BAL,REG,CIN,376,2,2,-9.018407125092367,66,1,-2.10385195640265,0,0,0,1,0,7,51,6
2018,2,BUF,REG,LAC,245,1,2,-2.3244356268994615,84,1,-2.4414519182173535,2,0,0,1,0,6,31,2
2018,2,CAR,REG,ATL,335,3,1,2.636337234344696,121,0,5.68975027045235,0,1,0,0,0,7,49,3
2018,2,CHI,REG,SEA,200,2,2,-2.053940970636063,86,0,-3.9365253303258214,6,1,1,0,0,7,55,3
2018,2,CIN,REG,BAL,265,4,0,9.404591333770956,108,0,-4.21586616933782,4,2,0,1,0,9,92,5
2018,2,CLE,REG,NO,246,1,1,-0.6375168008367917,93,1,-5.163996231625788,3,0,0,0,0,4,43,3
2018,2,DAL,REG,NYG,160,1,0,-2.1361278085322812,138,1,7.533343036484439,6,0,0,0,0,6,47,3
2018,2,DEN,REG,LV,222,0,1,-0.774171831391437,168,2,6.710523521003779,1,0,0,0,0,6,35,6
2018,2,DET,REG,SF,347,3,0,7.738284011150768,98,0,-1.8063686399968524,6,0,0,0,0,10,105,5
2018,2,GB,REG,MIN,281,1,0,1.5708181291815757,98,0,-1.1010215140253008,2,1,0,1,0,7,54,8
2018,2,HOU,REG,TEN,310,2,1,6.375416893557425,148,0,0.048096067803159226,1,0,0,0,0,11,88,6
2018,2,IND,REG,WAS,179,2,2,0.7386546944617294,104,1,0.857310751278419,3,0,0,0,0,6,26,0
2018,2,JAX,REG,NE,376,4,1,19.470376243478352,104,0,-1.4851032838923857,2,0,0,0,0,7,71,3
2018,2,KC,REG,PIT,326,6,0,28.5966408366221,127,0,1.8119140495546162,1,0,0,1,0,12,76,3
2018,2,LA,REG,ARI,354,1,1,16.00131085128291,90,3,-2.342783518135315,1,1,0,0,0,5,49,4
2018,2,LAC,REG,BUF,256,3,0,17.629779187786276,109,1,-7.122743300220463,5,2,0,0,0,6,45,4
2018,2,LV,REG,DEN,288,1,0,10.02736494758944,92,1,-4.445546564413235,1,1,0,0,0,4,30,4
2018,2,MIA,REG,NYJ,168,2,0,-5.637412711221259,135,1,-5.4658645911258645,3,2,0,0,0,2,10,2
2018,2,MIN,REG,GB,425,4,1,16.01553644857904,68,0,-2.5815518050471713,4,0,0,0,0,8,70,4
2018,2,NE,REG,JAX,234,2,0,4.945606922660005,82,0,-4.1394954665447585,0,1,0,0,0,2,25,4
2018,2,NO,REG,CLE,243,2,0,3.4693237835229165,62,0,-4.865497116974322,3,1,0,0,0,4,53,5
2018,2,NYG,REG,DAL,279,1,0,-6.930392205639055,35,0,0.03694212455516377,0,0,0,0,0,3,24,3
2018,2,NYJ,REG,MIA,334,1,2,-5.936915642441511,42,0,-7.369827907066792,4,0,0,0,0,7,50,6
2018,2,PHI,REG,TB,334,1,0,-4.89085645320136,91,2,4.662328336678911,2,1,0,0,0,6,55,6
2018,2,PIT,REG,KC,452,3,0,15.135606445293782,33,2,1.0398175329901278,1,0,0,0,1,12,90,5
2018,2,SEA,REG,CHI,226,2,1,-11.323741457438302,74,0,-1.8097642658976838,2,2,0,0,0,5,37,6
2018,2,SF,REG,DET,206,2,0,4.388481060848342,190,1,3.2210934866584466,2,0,0,0,0,9,86,4
2018,2,TB,REG,PHI,402,4,1,19.270699014305137,43,0,-7.515956233954057,3,0,0,0,0,4,44,6
2018,2,TEN,REG,HOU,191,2,0,7.5653050963561315,100,0,-5.610529945564219,4,1,0,0,0,8,70,4
2018,2,WAS,REG,IND,292,0,0,-0.4086713707450209,65,0,-4.4166018350515515,1,2,0,0,0,7,90,6
2018,3,ARI,REG,CHI,193,2,3,-4.786545178096276,53,0,-6.194078341824934,3,1,0,0,0,6,43,6
2018,3,ATL,REG,NO,374,5,0,21.891023692878896,48,0,-7.273475314897951,1,0,0,0,0,5,54,3
2018,3,BAL,REG,DEN,277,1,0,6.875180206092017,77,2,-2.2061075227102265,3,1,0,0,0,7,52,4
2018,3,BUF,REG,MIN,196,1,0,3.0701352151596684,128,2,-2.635614152182825,4,1,0,0,0,12,84,4
2018,3,CAR,REG,CIN,150,2,0,4.0837776773259975,230,2,4.044885943683334,2,4,0,0,0,3,17,1
2018,3,CHI,REG,ARI,220,0,1,-3.248134196622907,122,1,-0.7225468295218889,4,3,0,0,0,7,45,6
2018,3,CIN,REG,CAR,352,2,4,3.40222529924678,66,1,1.3147398984874599,1,0,0,0,0,4,36,6
2018,3,CLE,REG,NYJ,220,0,0,-1.5773620087771727,133,2,-2.490392629755661,2,2,0,0,0,5,41,3
2018,3,DAL,REG,SEA,168,1,2,-13.209463649992225,166,0,-0.41040138562675565,2,0,0,0,0,7,55,6
2018,3,DEN,REG,BAL,192,0,1,-7.07734198088292,120,2,1.8344624518649653,2,0,0,0,0,13,120,6
2018,3,DET,REG,NE,262,2,1,5.894611850380104,159,0,-1.7832442764065575,2,1,0,0,0,6,70,3
2018,3,GB,REG,WAS,265,2,0,-5.90339356317329,100,0,3.4121174630708992,0,1,0,0,0,11,115,5
2018,3,HOU,REG,NYG,385,2,1,13.19374925062662,59,0,-4.293550748669077,4,0,0,0,0,7,50,6
2018,3,IND,REG,PHI,164,1,0,-12.584832421104956,68,0,2.1632391686434858,5,1,0,0,0,11,77,3
2018,3,JAX,REG,TEN,155,0,0,-6.001817497203257,87,0,-2.9889343173563168,3,0,0,0,0,8,75,5
2018,3,KC,REG,SF,314,3,0,18.612729434728095,77,2,0.7236401257978287,4,0,0,0,0,6,48,2
2018,3,LA,REG,LAC,354,3,1,21.07711400937048,171,1,3.337822728091851,2,0,0,0,0,6,64,4
2018,3,LAC,REG,LA,226,2,0,7.589841167589931,141,1,4.8212877081823535,1,1,0,0,0,4,30,5
2018,3,LV,REG,MIA,345,1,2,9.376027565700332,109,1,-4.122728584829019,1,0,0,1,0,8,38,6
2018,3,MIA,REG,LV,341,4,0,16.045670076739043,41,0,-4.435569793306058,3,2,0,0,0,9,74,3
2018,3,MIN,REG,BUF,296,1,1,-21.413281923756468,14,0,-3.2276215271558613,3,0,0,1,0,6,59,6
2018,3,NE,REG,DET,133,1,1,-10.869922926241998,89,0,-1.6935008682327464,1,1,0,0,0,5,38,4
2018,3,NO,REG,ATL,396,3,0,19.16651251464429,143,2,4.493496057839366,3,0,0,0,0,11,120,6
2018,3,NYG,REG,HOU,297,2,0,15.53474240148605,114,1,-3.2355235719005577,3,1,0,1,0,3,20,3
2018,3,NYJ,REG,CLE,169,0,2,-2.0185071221248907,107,2,-0.4354214301565662,4,0,0,2,0,6,55,5
2018,3,PHI,REG,IND,255,1,1,-6.572577315929394,152,1,-0.23018540040357038,2,0,0,2,0,10,110,6
2018,3,PIT,REG,TB,353,3,1,12.520667470851528,78,0,-5.451149663887918,3,3,1,0,0,13,155,4
2018,3,SEA,REG,DAL,192,2,0,8.012911418506341,113,1,-7.002349607122596,5,2,0,0,0,10,67,5
2018,3,SF,REG,KC,251,2,0,8.675984731884967,178,1,7.022481614607386,2,0,0,0,0,14,147,6
2018,3,TB,REG,PIT,411,3,3,5.485200843803525,63,0,-0.47989014725317247,3,1,0,0,0,9,80,4
2018,3,TEN,REG,JAX,108,0,0,-3.0288085869193346,150,0,-4.787565787258884,3,0,0,0,0,4,30,4
2018,3,WAS,REG,GB,220,2,1,6.01085813328973,166,2,-2.6456799279807597,4,0,0,0,0,6,66,3
2018,4,ARI,REG,SEA,180,1,0,4.464519335358948,92,1,-11.004810200800703,2,0,0,0,0,5,38,3
2018,4,ATL,REG,CIN,419,3,0,16.958076102897977,92,1,-1.3025282124290243,3,1,0,0,0,10,95,5
2018,4,BAL,REG,PIT,363,2,0,11.536173811514567,96,0,-7.647183215519072,1,1,0,0,0,7,50,4
2018,4,BUF,REG,GB,151,0,2,-17.663812608865555,58,0,-6.321687078394461,2,1,0,0,0,3,20,6
2018,4,CHI,REG,TB,354,6,0,23.28201890984938,139,0,2.554558445653364,4,3,0,0,0,4,38,4
2018,4,CIN,REG,ATL,337,3,1,15.25527814932753,99,2,2.3924217828025576,3,0,0,0,0,6,55,6
2018,4,CLE,REG,LV,295,2,2,-6.807089131717275,208,3,7.413241814705778,3,2,0,0,0,8,55,4
2018,4,DAL,REG,DET,255,2,0,8.539612593643803,183,0,4.908951558893488,3,0,0,0,0,2,20,3
2018,4,DEN,REG,KC,245,0,1,-5.36858995661162,159,2,7.729579599981662,1,0,0,0,0,3,25,6
2018,4,DET,REG,DAL,307,2,0,16.56264525196666,96,1,-0.48328500968636945,3,0,0,0,0,8,58,3
2018,4,GB,REG,BUF,298,1,1,-1.598061017279127,141,1,-0.23744416138993496,7,2,0,0,0,5,60,3
2018,4,HOU,REG,IND,375,2,1,10.790722143618646,119,1,-3.066111458145315,4,0,0,0,0,10,54,5
2018,4,IND,REG,HOU,464,4,0,11.591127739749762,41,0,-13.513604821171612,7,1,0,0,0,10,85,7
2018,4,JAX,REG,NYJ,388,2,1,15.978495752672448,126,1,-8.728751263901358,3,0,0,2,1,9,89,4
2018,4,KC,REG,DEN,304,1,0,8.393884111170063,142,2,9.41784508244018,4,1,0,0,0,10,93,4
2018,4,LA,REG,MIN,465,5,0,24.92313811082069,100,0,-1.6881041098968126,4,0,0,0,0,2,15,5
2018,4,LAC,REG,SF,250,3,1,-1.0500402106081896,126,0,-4.34720603126334,1,2,0,0,0,5,49,2
2018,4,LV,REG,CLE,437,4,2,3.7307711121442986,139,0,-4.253735056071273,2,2,1,0,0,6,65,7
2018,4,MIA,REG,NE,135,1,1,-5.551744064345257,56,0,-12.921355833648704,0,2,0,0,0,10,89,1
2018,4,MIN,REG,LA,422,3,0,15.394268518617338,54,0,-1.4915390555397607,1,0,0,0,0,4,35,4
2018,4,NE,REG,MIA,274,3,2,11.914712483420146,175,2,-1.2690289834572468,2,1,0,0,0,6,57,2
2018,4,NO,REG,NYG,227,0,0,7.757593208652779,170,3,4.836881775292568,3,0,0,1,0,5,51,2
2018,4,NYG,REG,NO,255,1,0,5.647249560046376,65,1,0.06584252521861345,1,0,0,0,0,6,67,3
2018,4,NYJ,REG,JAX,167,1,0,-8.451592710940837,34,0,-3.654447606590111,2,1,0,0,0,6,43,5
2018,4,PHI,REG,TEN,348,2,0,3.8117698671574844,117,0,-1.3351129770238908,3,1,0,0,0,8,77,5
2018,4,PIT,REG,BAL,274,1,1,-5.851337649511663,19,0,-4.084935025195591,2,0,0,0,0,5,40,5
2018,4,SEA,REG,ARI,172,0,0,-1.2567157405670049,171,2,3.2164893323494628,1,0,0,0,0,8,57,6
2018,4,SF,REG,LAC,298,2,2,-1.834534431195988,76,0,-2.2736167380911656,1,1,1,0,0,4,29,5
2018,4,TB,REG,CHI,271,1,3,-4.322378194256029,60,0,-3.0595530605642125,1,0,0,0,0,11,99,3
2018,4,TEN,REG,PHI,344,2,1,10.118409857308453,70,1,-4.539487317379098,4,0,0,0,0,4,30,5
2018,5,ARI,REG,SF,170,1,0,-4.46132124774158,56,2,-4.076036829908844,4,2,0,0,0,5,46,5
2018,5,ATL,REG,PIT,305,1,0,-4.201624430201303,62,1,-1.0197315705299843,0,1,0,0,0,7,75,3
2018,5,BAL,REG,CLE,298,0,1,-10.728546501642308,116,0,0.4746934085560497,5,1,0,1,0,4,41,6
2018,5,BUF,REG,TEN,82,0,1,-11.17337151826158,144,1,0.3473612014052092,2,1,0,0,0,4,30,4
2018,5,CAR,REG,NYG,237,2,2,-2.117556229297356,118,0,-5.469212131632958,1,2,0,0,0,4,22,6
2018,5,CIN,REG,MIA,248,1,1,1.4994522178406706,103,0,-5.378772259522291,3,2,1,0,0,6,47,2
2018,5,CLE,REG,BAL,342,1,1,-3.5391574085731454,112,0,-3.2929822950719267,2,1,0,0,0,10,66,4
2018,5,DAL,REG,HOU,208,1,2,-4.356140005728741,98,0,-4.434731395042036,1,1,0,0,0,7,72,4
2018,5,DEN,REG,NYJ,377,2,1,-1.5007869123036794,92,0,-1.5931240663048811,1,1,0,0,0,6,45,3
2018,5,DET,REG,GB,183,2,0,7.110421192929359,94,2,-4.172220984357409,4,0,0,0,0,8,71,4
2018,5,GB,REG,DET,442,3,0,10.181270968658135,98,0,4.620037810818758,3,0,0,1,0,12,112,6
2018,5,HOU,REG,DAL,375,1,1,4.117513804850393,88,0,-10.258869919109916,2,2,0,0,0,5,25,6
2018,5,IND,REG,NE,365,3,2,5.489264950767945,84,0,-1.171397117752349,0,2,0,0,0,4,35,4
2018,5,JAX,REG,KC,430,1,4,-21.013684991310583,101,1,8.218390444963006,1,2,0,0,0,5,45,6
2018,5,KC,REG,JAX,313,0,2,10.143255564894979,126,2,-4.716832572593088,5,4,1,0,0,11,105,3
2018,5,LA,REG,SEA,321,1,2,10.22361345065292,155,3,2.869603417504355,2,0,0,0,0,7,45,6
2018,5,LAC,REG,LV,339,2,0,19.1448427965183,79,1,-6.796515950554749,3,1,0,0,0,9,82,3
2018,5,LV,REG,LAC,268,1,1,0.212129600553296,41,0,-0.15206207733717747,1,0,0,0,0,7,55,6
2018,5,MIA,REG,CIN,185,1,2,-14.69604110403452,128,0,2.0577714176529827,2,1,0,0,0,9,85,5
2018,5,MIN,REG,PHI,301,1,0,10.419472418085984,77,0,-7.680147534585558,3,0,0,0,0,4,23,4
2018,5,NE,REG,IND,341,3,2,9.879804473090307,97,2,1.6341391875466798,1,2,0,0,0,7,50,3
2018,5,NO,REG,WAS,363,3,0,24.540740185591858,98,3,-2.2568806577822382,3,1,0,0,0,4,45,5
2018,5,NYG,REG,CAR,383,3,2,8.937491342614276,50,0,-4.428126229671761,1,2,0,1,0,8,62,6
2018,5,NYJ,REG,DEN,198,3,1,3.9209119713375697,323,1,5.810144041606691,4,1,0,0,0,4,33,3
2018,5,PHI,REG,MIN,311,2,0,-0.8017295553698229,81,0,-4.123456387620419,1,0,0,0,0,8,52,3
2018,5,PIT,REG,ATL,250,3,1,10.397446055430919,131,2,2.81143063592026,6,0,0,0,0,7,58,2
2018,5,SEA,REG,LA,198,3,0,8.241571439912867,190,1,5.196424090187065,0,2,0,0,0,7,50,6
2018,5,SF,REG,ARI,349,2,2,-6.150313834989494,147,1,-10.2069213013018,1,0,0,1,0,9,65,4
2018,5,TEN,REG,BUF,129,0,1,-3.6198420958980497,100,0,-5.627125512051862,1,1,0,0,0,5,40,5
2018,5,WAS,REG,NO,275,0,1,-10.305790173137076,39,2,1.015662738296669,2,0,0,0,0,6,38,3
2018,6,ARI,REG,MIN,240,0,1,-11.858432476811934,60,1,-10.577194673358463,4,1,0,0,0,5,30,3
2018,6,ATL,REG,TB,355,3,0,16.4509026355684,70,1,-1.6648171010884705,2,2,0,1,0,5,30,5
2018,6,BAL,REG,TEN,238,1,1,10.215830697445199,123,2,-1.385530767729506,11,0,0,0,0,10,70,4
2018,6,BUF,REG,HOU,145,1,2,-11.176034307302604,100,0,-3.959711961389985,7,2,0,1,0,12,104,3
2018,6,CAR,REG,WAS,275,2,1,8.501548369344611,81,0,0.2683343721437268,3,0,0,1,0,8,55,2
2018,6,CHI,REG,MIA,316,3,1,12.964265919523314,164,1,-2.767642044311597,0,2,0,0,0,6,58,4
2018,6,CIN,REG,PIT,229,2,0,4.625507544435095,62,1,-0.07435323009849526,0,0,0,0,0,6,30,2
2018,6,CLE,REG,LAC,238,1,2,-22.186528713257875,103,0,-2.070597778481897,1,1,0,1,0,6,53,3
2018,6,DAL,REG,JAX,183,2,0,1.95053580369282,206,2,5.1368869073921815,3,1,0,0,0,3,25,2
2018,6,DEN,REG,LA,322,2,1,-0.1794270084103573,60,0,-0.24227290751878172,5,1,0,0,0,6,61,5
2018,6,GB,REG,SF,425,2,0,5.712885951597749,116,1,2.6244241278036498,2,1,0,0,0,6,54,5
2018,6,HOU,REG,BUF,177,1,2,-18.17097737891686,74,0,-7.416020348042366,2,2,1,0,0,6,50,1
2018,6,IND,REG,NYJ,301,4,3,-4.467947899589866,127,0,-1.2790363637614064,2,1,0,0,0,8,66,4
2018,6,JAX,REG,DAL,149,1,1,-13.932604209694546,65,0,-2.394535279890988,3,0,0,0,0,4,30,3
2018,6,KC,REG,NE,352,4,2,8.296052301110926,94,0,3.429332910105586,2,0,0,0,0,5,58,5
2018,6,LA,REG,DEN,201,0,1,-4.8375530311340285,270,2,15.806385984456998,2,1,0,0,0,10,81,3
2018,6,LAC,REG,CLE,215,2,1,4.82633329619984,246,3,9.243934521335177,5,2,0,1,0,10,72,2
2018,6,LV,REG,SEA,142,0,0,-13.936836733719261,79,0,-1.463202226208523,1,1,0,0,0,5,38,2
2018,6,MIA,REG,CHI,380,3,2,9.704352919843746,161,0,-3.65394658522564,2,1,0,0,0,7,67,5
2018,6,MIN,REG,ARI,233,1,1,-11.932202174185704,195,2,0.04186008556280285,4,1,0,0,0,9,52,4
2018,6,NE,REG,KC,340,1,0,2.1071922555254803,173,3,7.965740978453874,0,2,0,0,0,0,0,2
2018,6,NYG,REG,PHI,281,0,1,-15.449423364383255,147,1,5.735590952011989,1,0,0,1,0,5,61,5
2018,6,NYJ,REG,IND,280,2,1,13.50893830475123,107,0,-8.168140475447714,0,3,1,0,0,7,49,6
2018,6,PHI,REG,NYG,278,3,0,18.981246690704054,108,1,-3.2003159279547297,4,1,0,1,0,4,25,3
2018,6,PIT,REG,CIN,369,1,0,20.10177144029413,112,2,1.5445696116618413,3,0,0,0,0,9,69,4
2018,6,SEA,REG,LV,222,3,1,12.019701860230981,155,0,-1.0539557684678584,6,0,0,0,0,8,64,4
2018,6,SF,REG,GB,245,2,1,9.623562916385081,174,1,6.779195652939297,3,0,0,0,0,2,10,3
2018,6,TB,REG,ATL,395,4,2,13.37343141709567,121,0,1.2839896609657444,1,0,0,0,0,4,20,4
2018,6,TEN,REG,BAL,117,0,0,-11.73162964603398,55,0,-2.809267883654684,0,1,0,0,0,4,35,3
2018,6,WAS,REG,CAR,163,2,0,-7.925809117013012,132,0,5.501806207699701,1,1,0,0,0,5,43,4
2018,7,ARI,REG,DEN,194,1,3,-38.896609647505485,69,0,-3.6283602183684707,2,1,0,0,0,7,45,2
2018,7,ATL,REG,NYG,379,1,0,17.436864967197536,67,1,-2.90772917016875,4,0,0,0,0,5,29,4
2018,7,BAL,REG,NO,284,2,0,7.358682917027153,77,1,1.1150316479324829,1,0,0,0,0,5,54,3
2018,7,BUF,REG,IND,175,0,3,-22.78009707366518,135,0,0.6034111108165234,0,0,0,0,1,7,59,4
2018,7,CAR,REG,PHI,269,2,0,7.659428320403211,121,1,6.984303005388938,3,0,0,0,0,5,78,2
2018,7,CHI,REG,NE,333,2,2,-5.780167311757761,134,2,5.612130588910077,1,1,0,0,0,5,40,5
2018,7,CIN,REG,KC,187,1,1,-8.654217635621462,65,0,-7.594704718329012,2,1,0,0,0,8,58,3
2018,7,CLE,REG,TB,215,2,0,-2.218055245350115,119,1,-5.910308470425662,4,2,0,1,1,14,114,5
2018,7,DAL,REG,WAS,273,1,0,-0.47804430651495267,73,1,-2.9608322175918147,1,0,0,0,0,8,65,6
2018,7,DEN,REG,ARI,189,2,1,1.8011427346790976,131,2,-2.7871863273903728,6,3,2,0,0,5,50,2
2018,7,DET,REG,MIA,217,2,0,14.111909707494917,248,1,6.778694785266261,4,0,0,0,0,6,43,1
2018,7,HOU,REG,JAX,139,1,0,2.682328120699184,141,1,-4.458541876976508,4,1,0,2,0,6,35,1
2018,7,IND,REG,BUF,156,4,0,9.286951920134015,220,1,2.523985159902278,2,3,0,0,0,4,35,3
2018,7,JAX,REG,HOU,217,1,1,-6.653341516619548,70,0,-11.14797094190726,1,0,0,0,0,2,15,5
2018,7,KC,REG,CIN,358,4,1,20.793432630122457,198,1,5.901841236103792,2,1,1,0,0,8,49,2
2018,7,LA,REG,SF,202,2,0,8.894014867809378,146,2,-0.5670358345856665,7,2,0,0,1,1,10,2
2018,7,LAC,REG,TEN,306,2,0,15.844671225181624,47,0,-3.363270571571775,2,1,0,0,0,4,31,2
2018,7,MIA,REG,DET,239,2,0,6.262210297168791,107,1,2.0982926071155816,1,0,0,0,0,4,50,5
2018,7,MIN,REG,NYJ,241,2,0,2.2275522055612367,88,2,-2.6443977085724097,3,3,0,0,0,6,55,2
2018,7,NE,REG,CHI,277,3,1,14.705605775836801,108,0,-6.091168475948507,2,2,0,1,0,7,64,3
2018,7,NO,REG,BAL,212,2,0,7.135005423553389,134,1,2.7033238757576328,1,0,0,0,0,6,52,3
2018,7,NYG,REG,ATL,399,1,0,10.91610609283779,61,1,-2.0925381804844365,3,0,0,0,0,4,58,6
2018,7,NYJ,REG,MIN,206,1,3,-27.981399837221375,71,1,-4.199890850723023,1,0,0,1,0,8,71,2
2018,7,PHI,REG,CAR,310,2,0,6.500292709377526,58,0,0.10460946016246453,2,0,0,0,0,4,35,2
2018,7,SF,REG,LA,170,1,2,-23.402593992971504,107,0,-4.761715687811375,1,0,0,0,0,2,10,2
2018,7,TB,REG,CLE,365,0,2,-5.725633531948028,114,3,1.0093477479804145,5,0,0,0,0,8,65,4
2018,7,TEN,REG,LAC,237,1,1,9.41834472438035,164,1,1.2688816985755693,2,0,0,0,0,4,32,5
2018,7,WAS,REG,DAL,178,1,0,6.734257885376498,130,0,-10.135649791116979,4,0,0,0,0,5,35,3
2018,8,ARI,REG,SF,252,2,1,0.030545316156465496,88,0,-2.2237500077462755,4,0,0,0,0,9,62,4
2018,8,BAL,REG,CAR,238,2,2,-3.672893038019538,101,1,5.8579782721353695,0,0,0,0,0,9,68,3
2018,8,BUF,REG,NE,313,0,1,-16.386770105301224,46,0,-4.958148788973157,2,0,0,0,0,6,51,6
2018,8,CAR,REG,BAL,232,2,0,11.362022843796488,154,2,2.4510143155610087,2,2,0,0,0,4,30,4
2018,8,CHI,REG,NYJ,220,2,0,7.4620755807356325,179,1,3.447852464236128,1,0,0,1,0,2,25,3
2018,8,CIN,REG,TB,280,2,0,9.821558619238203,138,2,-4.1500290528746024,6,4,1,0,0,4,46,4
2018,8,CLE,REG,PIT,180,2,1,-5.774726652596937,74,0,-2.6676562009295925,1,1,0,0,0,7,52,2
2018,8,DEN,REG,KC,262,2,1,0.5840330281113162,189,1,2.9390565801050053,2,1,0,0,0,10,83,5
2018,8,DET,REG,SEA,310,2,1,1.870397615391994,34,0,-3.0896081758255605,2,0,0,0,0,4,32,4
2018,8,GB,REG,LA,286,1,0,6.35248997876832,106,2,1.250714357979665,5,0,0,0,0,2,10,6
2018,8,HOU,REG,MIA,239,5,0,15.49307358590886,188,1,1.7582600102759898,2,1,0,0,0,8,57,3
2018,8,IND,REG,LV,239,3,0,17.670837791753748,222,2,11.121187195181847,0,0,0,0,0,10,77,3
2018,8,JAX,REG,PHI,286,1,0,-1.7679607954212417,70,0,2.6870616844422606,4,1,0,0,0,5,45,3
2018,8,KC,REG,DEN,303,4,1,12.312624551297631,49,0,-4.1943518038024195,5,1,0,0,0,7,50,3
2018,8,LA,REG,GB,307,3,0,11.337564229190908,135,0,-8.04381467109043,3,0,0,0,1,2,15,5
2018,8,LV,REG,IND,244,3,0,12.651435397157911,103,1,-2.722139988967683,0,0,0,0,0,10,79,2
2018,8,MIA,REG,HOU,269,1,1,-6.113135602636142,116,1,0.22244833264267072,0,0,0,0,0,5,63,6
2018,8,MIN,REG,NO,359,2,1,2.908419373037759,85,1,-3.3114442519727163,0,1,0,0,0,6,54,4
2018,8,NE,REG,BUF,324,0,0,7.559985919164991,76,1,-2.3914050794264767,3,1,1,0,0,5,33,4
2018,8,NO,REG,MIN,164,1,1,4.274428259182182,106,1,-3.978987650260494,4,1,1,0,0,7,64,2
2018,8,NYG,REG,WAS,316,1,2,-8.635634672934323,37,0,-3.7367779784835875,0,0,0,0,0,11,102,4
2018,8,NYJ,REG,CHI,153,1,0,1.3257823365565855,57,0,-5.464233379713156,2,0,0,0,0,8,45,4
2018,8,PHI,REG,JAX,286,3,1,7.738375446885659,133,0,0.8116976383607835,4,0,0,0,0,4,36,2
2018,8,PIT,REG,CLE,257,2,1,7.951697156204814,168,2,5.343914402881637,2,1,0,0,1,8,60,4
2018,8,SEA,REG,DET,248,3,0,15.82408848463092,176,1,-1.301751809194684,2,1,0,0,0,7,111,4
2018,8,SF,REG,ARI,190,1,0,-4.41158733228624,107,0,-5.037026021058896,3,1,0,1,1,5,59,5
2018,8,TB,REG,CIN,470,3,4,2.063736806799411,126,1,6.437696390339086,2,0,0,0,0,11,75,6
2018,8,WAS,REG,NYG,178,1,0,4.69212539519487,182,1,-3.8629258027649485,7,2,0,0,0,8,90,4
2018,9,ATL,REG,WAS,350,4,1,18.923770569705358,154,1,5.632424026727676,3,1,0,0,0,7,50,2
2018,9,BAL,REG,PIT,218,0,0,-1.1386447543465792,61,1,-2.094816373778053,1,0,0,0,0,5,25,4
2018,9,BUF,REG,CHI,188,0,3,-16.185267537674132,98,1,-5.136919353361009,1,1,0,0,0,10,163,3
2018,9,CAR,REG,TB,247,2,0,8.597569656878477,179,4,6.713164797751233,3,2,0,0,0,9,84,5
2018,9,CHI,REG,BUF,135,1,1,-2.312383003528693,64,2,-3.76975465886062,4,3,1,2,0,14,129,4
2018,9,CLE,REG,KC,308,2,1,2.317592373551687,102,1,1.477940100361593,2,1,0,0,0,4,20,4
2018,9,DAL,REG,TEN,243,2,1,-5.9402298669704585,72,0,-0.6448580811265856,4,0,0,0,0,6,52,5
2018,9,DEN,REG,HOU,290,1,0,6.57698734996063,75,1,-3.603948063261612,4,0,0,0,0,8,50,6
2018,9,DET,REG,MIN,199,0,0,-8.94734336718552,66,0,-6.705799067625776,1,1,0,0,0,8,66,5
2018,9,GB,REG,NE,259,2,0,5.339622991034432,117,0,-3.2803728032158688,2,0,0,0,0,7,63,4
2018,9,HOU,REG,DEN,213,2,0,7.230977313622693,98,0,-5.745602736773435,2,0,0,0,0,7,60,6
2018,9,KC,REG,CLE,375,3,1,23.587522866321507,139,2,5.047560377046466,2,1,0,0,0,11,86,3
2018,9,LA,REG,NO,391,3,1,15.822149877996942,92,1,-4.134545655126104,0,0,0,0,0,4,32,6
2018,9,LAC,REG,SEA,228,2,0,6.554091712213433,160,1,3.490472765697632,4,1,1,0,0,12,105,2
2018,9,LV,REG,SF,179,0,0,-5.4236728909605745,102,0,-2.005422129353974,0,0,0,0,0,6,40,4
2018,9,MIA,REG,NYJ,139,0,0,-7.663986229556496,64,0,-8.640664302924964,4,4,1,0,0,5,55,2
2018,9,MIN,REG,DET,164,1,1,1.9268558672206395,128,1,-6.924090821295977,10,0,0,0,0,3,15,3
2018,9,NE,REG,GB,331,1,0,3.607440235150346,123,3,4.658252999972319,1,0,0,0,0,5,30,2
2018,9,NO,REG,LA,346,4,0,22.802751372760213,141,2,-4.555838202271843,0,1,0,0,0,2,20,2
2018,9,NYJ,REG,MIA,229,0,4,-17.50483717115788,80,0,-4.5639690074604005,4,0,0,0,0,5,45,5
2018,9,PIT,REG,BAL,292,2,0,19.147194807663556,113,1,-2.2526515016215853,2,0,0,0,0,8,103,3
2018,9,SEA,REG,LAC,235,2,1,-10.640486850079373,154,0,5.2822786049800925,2,0,0,0,0,10,83,6
2018,9,SF,REG,LV,262,3,0,18.613880079083966,143,1,-2.68179819480268,7,0,0,0,0,3,23,3
2018,9,TB,REG,CAR,243,4,2,3.6481548258452676,82,0,-5.422450272773858,2,0,0,0,0,8,49,6
2018,9,TEN,REG,DAL,240,2,0,8.76520185411633,125,2,-1.0788596352213062,5,1,0,0,0,3,20,4
2018,9,WAS,REG,ATL,306,1,1,-1.8825018150964752,79,1,1.4423665836220607,2,1,0,0,0,10,147,3
2018,10,ARI,REG,KC,208,1,2,-10.97917525054072,94,1,1.1431351699284278,5,0,0,0,0,3,30,4
2018,10,ATL,REG,CLE,330,2,0,8.463036271730838,71,0,-5.100776080740616,0,1,0,0,0,1,5,5
2018,10,BUF,REG,NYJ,247,2,0,18.15901720401419,212,2,-1.0408078465843573,3,2,0,0,0,4,30,3
2018,10,CAR,REG,PIT,193,2,1,-4.6398615020443685,95,1,3.0386829752242193,1,0,0,0,0,5,42,2
2018,10,CHI,REG,DET,355,3,0,16.890588252667843,54,2,-0.9973721200949512,6,2,0,0,0,6,46,5
2018,10,CIN,REG,NO,198,1,2,-11.963386722374707,110,1,4.972670826304238,0,0,0,0,0,4,26,4
2018,10,CLE,REG,ATL,216,3,1,12.565626146679278,211,1,4.7515663738013245,2,0,0,0,0,7,38,1
2018,10,DAL,REG,PHI,270,1,0,7.205087397374692,171,2,8.742085621954175,2,1,0,0,0,5,37,3
2018,10,DET,REG,CHI,274,2,2,-4.831602480407388,76,1,-6.201167904160684,1,0,0,0,0,6,41,5
2018,10,GB,REG,MIA,199,2,0,1.4339097452315581,195,2,8.517012356896885,6,1,0,1,0,6,45,3
2018,10,IND,REG,JAX,285,3,1,13.604582106700613,81,1,0.7834546255036257,0,0,0,0,0,7,45,2
2018,10,JAX,REG,IND,324,2,0,21.016471843551457,91,1,-6.70095520443283,0,1,0,0,0,8,61,5
2018,10,KC,REG,ARI,249,2,0,5.843777468611232,118,1,-0.9700589481508359,5,2,0,0,0,8,63,3
2018,10,LA,REG,SEA,318,2,0,12.22319722249337,149,2,8.77725242618192,4,0,0,0,0,10,102,4
2018,10,LAC,REG,LV,223,2,1,7.131024487408744,113,0,-1.352617027994711,4,0,0,0,0,6,70,5
2018,10,LV,REG,LAC,243,0,0,-11.654176644346952,114,0,1.6496656254748814,1,1,0,0,0,6,55,5
2018,10,MIA,REG,GB,213,0,1,-14.723644009817397,131,0,0.09984606940997764,2,0,0,0,0,3,10,4
2018,10,NE,REG,TEN,267,0,0,-4.304073426241686,40,1,-5.467470682371641,2,0,0,0,0,4,31,3
2018,10,NO,REG,CIN,265,3,0,22.01971433096736,244,3,11.317456947552273,4,2,0,0,0,1,5,1
2018,10,NYG,REG,SF,188,3,0,5.522762064498597,97,0,-4.156763588973372,0,2,0,0,0,8,78,4
2018,10,NYJ,REG,BUF,135,0,2,-21.178739119661557,83,1,-0.4727834978257306,1,0,0,0,0,1,10,3
2018,10,PHI,REG,DAL,360,2,1,-0.39518747237728036,71,0,-3.1447057452751324,4,0,0,0,0,0,0,5
2018,10,PIT,REG,CAR,325,5,0,25.450137711541423,138,1,0.5716889835312031,5,1,1,0,0,1,24,3
2018,10,SEA,REG,LA,176,3,0,3.8333331248086653,273,1,11.02597679727478,2,0,0,0,0,7,56,5
2018,10,SF,REG,NYG,250,1,2,-0.2636233604561027,124,1,-1.0192709784023464,1,0,0,0,0,10,97,6
2018,10,TB,REG,WAS,406,0,2,0.5852678798673399,103,0,-3.2185969737527076,3,0,0,0,0,5,50,6
2018,10,TEN,REG,NE,249,2,0,10.59608413595744,150,2,0.9691537633771077,3,0,0,2,0,4,35,2
2018,10,WAS,REG,TB,178,1,0,2.2854452548013917,116,0,2.203178648778703,2,2,0,0,0,8,52,5
2018,11,ARI,REG,LV,136,3,2,-7.715039451024495,154,0,-3.7864914209931158,4,0,0,0,0,7,62,2
2018,11,ATL,REG,DAL,291,1,1,0.6264150064561509,80,0,-0.13605166517663747,2,0,0,0,0,2,15,4
2018,11,BAL,REG,CIN,150,0,1,-4.561684145407723,267,2,5.928101453246317,1,0,0,0,0,5,31,5
2018,11,CAR,REG,DET,357,3,1,11.61881939305362,56,0,-1.4620918781729415,1,0,0,0,0,2,15,2
2018,11,CHI,REG,MIN,165,1,2,1.0404817300296865,148,0,-3.172687140640538,2,2,1,0,0,5,46,5
2018,11,CIN,REG,BAL,211,2,0,3.178559941007828,48,1,-2.8377632981573697,3,1,0,0,0,7,58,5
2018,11,DAL,REG,ATL,208,0,0,2.963848625025069,132,2,3.341145346784451,3,1,0,0,0,2,20,4
2018,11,DEN,REG,LAC,217,0,0,2.929019133396717,108,3,2.78522805277328,3,2,0,0,0,7,43,4
2018,11,DET,REG,CAR,220,1,0,3.0089339423856067,94,1,-4.129251496982761,3,1,0,0,0,1,5,1
2018,11,GB,REG,SEA,332,2,0,9.01290835886361,48,1,-0.24604407139122486,3,0,0,0,0,5,80,5
2018,11,HOU,REG,WAS,208,1,2,-1.8562891333910967,139,0,-1.5520103894691561,5,2,1,0,0,7,40,2
2018,11,IND,REG,TEN,295,3,0,17.267435067969892,102,2,2.4454204388021026,5,2,0,2,0,7,60,0
2018,11,JAX,REG,PIT,104,0,0,-6.901055931377688,179,1,-1.8934371180850444,2,3,0,0,0,11,111,4
2018,11,KC,REG,LA,478,6,3,9.35210398340132,98,0,-2.6181766219457243,5,0,0,0,0,13,135,6
2018,11,LA,REG,KC,413,4,0,9.302107261105764,76,1,-1.3833037302634237,3,3,1,0,0,8,60,5
2018,11,LAC,REG,DEN,401,2,2,14.037894401295228,95,0,-5.206838778624869,0,0,0,0,0,14,120,3
2018,11,LV,REG,ARI,192,2,0,0.25580439498253504,152,0,-1.1484651504516008,1,2,0,1,0,4,20,5
2018,11,MIN,REG,CHI,262,2,2,-0.6066677135145627,22,0,-10.87866090144962,1,2,0,0,0,4,50,5
2018,11,NO,REG,PHI,373,4,0,28.964100977029034,173,2,-1.043886296286098,3,3,0,0,0,8,69,6
2018,11,NYG,REG,TB,231,2,0,9.771985462246118,163,2,5.313365490670549,1,4,1,0,0,8,60,4
2018,11,PHI,REG,NO,156,0,3,-19.630945391312707,58,1,0.717984905000776,0,0,0,0,0,6,49,3
2018,11,PIT,REG,JAX,314,2,3,-8.512335755207342,26,1,1.8995672604942229,6,0,0,0,0,3,15,5
2018,11,SEA,REG,GB,225,2,0,4.952107059216441,173,1,-3.371647217913259,5,0,0,0,0,6,30,3
2018,11,TB,REG,NYG,366,2,4,8.265471297723707,151,2,5.723638069583103,4,0,0,0,0,4,40,4
2018,11,TEN,REG,IND,203,1,2,-4.007924112579367,87,0,-7.032522485824302,0,0,0,0,0,8,112,3
2018,11,WAS,REG,HOU,189,1,2,-21.068823124176117,124,2,6.297248369461158,3,2,0,0,0,6,43,6
2018,12,ARI,REG,LAC,105,1,1,-9.888509871679387,62,0,-4.252017620252445,4,0,0,0,0,3,35,1
2018,12,ATL,REG,NO,377,2,1,4.573647225385968,26,0,-6.325320612580981,2,1,0,0,0,2,26,3
2018,12,BAL,REG,LV,178,1,2,-0.2638867321671672,242,1,5.791832841816358,3,0,0,0,0,6,45,3
2018,12,BUF,REG,JAX,160,1,0,4.564811740827281,167,2,-0.6942114458928224,3,2,0,1,0,13,80,4
2018,12,CAR,REG,SEA,256,2,1,8.475517391129548,220,1,3.0345674019275286,2,0,0,0,0,3,30,6
2018,12,CHI,REG,DET,238,2,0,2.873918802772536,38,0,-3.0032464796095155,2,2,1,0,0,3,20,3
2018,12,CIN,REG,CLE,255,2,1,2.987514810394215,129,1,-4.801556995982537,0,0,0,0,0,13,96,5
2018,12,CLE,REG,CIN,258,4,0,22.3920373590081,84,1,-6.6282472155289724,1,1,0,0,0,7,61,2
2018,12,DAL,REG,WAS,289,2,0,7.864143891872304,146,2,-1.3673314524930902,3,3,0,0,0,4,30,5
2018,12,DEN,REG,PIT,197,2,0,2.9398188243503682,124,1,2.1706466788373393,2,2,0,0,0,6,50,1
2018,12,DET,REG,CHI,236,0,2,-12.199781228877258,111,2,1.5903170526726171,4,0,0,0,0,5,54,5
2018,12,GB,REG,MIN,198,1,0,-4.14451807138907,82,1,-3.352449591155164,2,0,0,1,0,4,20,5
2018,12,HOU,REG,TEN,210,2,0,8.11459425263122,281,2,7.312772849235694,6,0,0,0,0,3,53,3
2018,12,IND,REG,MIA,347,3,2,13.736246995320926,118,0,-0.5826213727100815,1,0,0,0,0,7,52,2
2018,12,JAX,REG,BUF,127,1,2,-8.649212133614743,226,2,7.982988089352148,0,0,0,0,0,10,90,6
2018,12,LAC,REG,ARI,259,3,0,10.81847838953667,178,3,9.1587147450482,2,1,0,0,0,4,30,5
2018,12,LV,REG,BAL,194,1,0,-3.9071444824260144,67,1,-1.5341874390142038,1,2,0,0,0,4,24,4
2018,12,MIA,REG,IND,204,2,0,5.832384850443237,113,1,1.0128719781059772,1,2,0,1,0,10,75,4
2018,12,MIN,REG,GB,342,3,0,12.252863246903768,91,0,-11.656552401353657,4,0,0,0,0,6,55,3
2018,12,NE,REG,NYJ,283,2,0,15.240787663503898,215,1,9.246254511002917,2,1,0,0,0,11,105,1
2018,12,NO,REG,ATL,171,4,1,3.8184283445559357,150,0,1.2162433016346768,6,1,0,0,0,3,19,5
2018,12,NYG,REG,PHI,297,1,1,8.178021809815633,126,1,2.1549341886420734,3,0,0,0,0,11,91,5
2018,12,NYJ,REG,NE,276,1,1,-3.52856471408247,74,0,1.3377458374015987,0,0,0,0,0,8,47,4
2018,12,PHI,REG,NYG,236,1,0,8.937418870068285,127,1,-0.13612796851865028,2,1,0,1,0,7,46,3
2018,12,PIT,REG,DEN,464,2,2,14.821251857858343,75,0,1.639368754113093,2,0,0,3,0,5,34,5
2018,12,SEA,REG,CAR,339,2,0,21.50564057717835,75,1,-6.417840822861763,0,1,0,0,0,4,36,6
2018,12,SF,REG,TB,221,1,2,-8.33738507173257,148,0,2.97252156509785,1,0,0,0,0,8,68,5
2018,12,TB,REG,SF,312,2,0,16.34146784056761,108,1,-6.27749781269813,4,2,0,0,0,9,70,3
2018,12,TEN,REG,HOU,303,2,0,8.556618214434106,105,0,-4.281035496329423,4,0,0,0,0,7,50,4
2018,12,WAS,REG,DAL,268,2,3,-5.2889878033632005,80,1,0.6585043968516402,4,0,0,0,0,4,25,5
2018,13,ARI,REG,GB,149,0,0,-2.0660581849240445,182,2,6.185977993329288,1,0,0,0,0,7,49,1
2018,13,ATL,REG,BAL,131,1,0,-15.563195806531873,34,0,-6.793434935680125,2,0,0,0,0,8,82,5
2018,13,BAL,REG,ATL,167,0,0,-8.06361025556079,207,1,0.5211117854059384,3,0,0,0,0,9,88,4
2018,13,BUF,REG,MIA,231,2,2,-1.8175204436629337,198,0,5.8360700911143795,3,1,0,1,0,13,120,6
2018,13,CAR,REG,TB,300,2,4,-10.235774997421338,168,0,7.4452564343228005,4,0,0,2,0,7,104,3
2018,13,CHI,REG,NYG,286,2,2,-3.908931217565053,118,1,-0.6218064955901355,3,1,0,1,0,8,58,6
2018,13,CIN,REG,DEN,236,1,1,-8.821556689352171,111,0,-2.740672539686784,2,0,0,1,0,12,100,5
2018,13,CLE,REG,HOU,397,1,3,-4.31181405433733,31,1,-0.8247835165238939,4,0,0,0,0,6,45,5
2018,13,DAL,REG,NO,249,1,0,2.728595862578725,99,0,-9.794747252075467,2,1,0,0,0,8,80,2
2018,13,DEN,REG,CIN,151,1,0,2.7695164462541824,218,2,0.4521646021430499,4,1,0,0,0,7,60,3
2018,13,DET,REG,LA,245,1,1,-9.29437667844081,102,0,-5.144355174885762,2,1,0,0,0,8,54,5
2018,13,GB,REG,ARI,233,1,0,2.5203272694326997,98,1,-2.147549393295776,2,0,0,0,0,7,43,6
2018,13,HOU,REG,CLE,224,1,0,5.392217872430289,187,0,0.23716606601374224,0,3,1,1,0,5,77,1
2018,13,IND,REG,JAX,248,0,1,-11.000652328890283,41,0,-10.529279709910043,3,0,0,0,0,6,65,6
2018,13,JAX,REG,IND,150,0,0,-1.3263962435038095,79,0,-14.078042855699412,3,1,0,0,0,8,74,4
2018,13,KC,REG,LV,295,4,0,17.364509399235075,174,1,3.8260291817651746,3,0,0,0,0,11,94,3
2018,13,LA,REG,DET,207,1,1,-5.031632285777805,149,2,5.266658979714372,4,1,0,0,0,7,105,4
2018,13,LAC,REG,PIT,299,2,0,18.282047653470944,85,1,-1.1273739780299366,1,1,0,0,0,5,80,1
2018,13,LV,REG,KC,285,3,0,12.476373976431834,171,1,-9.278965372170088,0,0,0,0,0,8,74,4
2018,13,MIA,REG,BUF,137,3,1,-0.6576108965091407,60,0,-4.86508061864879,2,2,0,1,0,8,89,2
2018,13,MIN,REG,NE,201,1,2,-11.606062870786815,95,0,3.0501322243362665,0,1,0,0,0,5,55,5
2018,13,NE,REG,MIN,311,1,1,9.387925648456106,160,2,-1.6768565403763205,2,2,0,0,0,7,60,3
2018,13,NO,REG,DAL,127,1,1,-9.376035984732923,65,0,-7.630949348269496,7,0,0,2,0,5,48,6
2018,13,NYG,REG,CHI,219,2,1,-2.071120764936476,141,0,-4.131516495024864,5,2,1,0,0,12,107,6
2018,13,NYJ,REG,TEN,128,0,1,-6.877847557925289,156,0,-1.461216210192501,3,1,1,0,0,11,96,2
2018,13,PHI,REG,WAS,306,2,1,13.559661423705354,130,1,-5.5743380310887005,3,1,0,0,0,5,38,3
2018,13,PIT,REG,LAC,281,2,1,5.876179324479033,65,2,1.0721562448597979,2,0,0,1,0,7,59,4
2018,13,SEA,REG,SF,185,4,0,10.746720588759601,168,1,6.529556519002654,3,1,1,0,0,10,100,4
2018,13,SF,REG,SEA,414,2,1,5.72887913441598,66,0,-12.480008838654495,3,0,0,1,0,13,128,5
2018,13,TB,REG,CAR,249,2,0,9.276888440042967,95,1,-10.168365111138508,4,4,0,1,0,9,69,4
2018,13,TEN,REG,NYJ,282,2,1,-8.27238945509022,130,1,2.9893024474731646,2,1,0,0,0,8,75,3
2018,13,WAS,REG,PHI,150,0,1,-8.30077705127598,104,1,2.2345570627367124,0,1,0,0,0,10,69,3
2018,14,ARI,REG,DET,240,0,1,-12.990056433400156,61,0,-8.432219044596422,1,0,0,0,0,8,83,4
2018,14,ATL,REG,GB,262,3,1,6.577107786972951,107,0,-6.024950762861408,4,0,0,0,0,13,101,5
2018,14,BAL,REG,KC,147,2,0,6.167618836925115,194,1,-0.7706536717596464,2,1,0,0,0,11,112,5
2018,14,BUF,REG,NYJ,206,0,2,-6.7755776616996695,176,2,7.993986007815693,0,1,0,0,0,7,47,6
2018,14,CAR,REG,CLE,298,0,1,-1.9364812183581268,96,2,2.227158129183894,1,0,0,0,0,10,68,5
2018,14,CHI,REG,LA,110,1,3,-14.511609145710727,194,0,1.0541284191888538,3,4,0,0,1,6,45,4
2018,14,CIN,REG,LAC,170,1,0,3.32667257393235,144,1,-1.6300775011768565,2,0,0,0,0,6,34,6
2018,14,CLE,REG,CAR,238,1,0,7.368554756770855,116,2,1.7794879822758958,1,1,0,0,0,7,52,0
2018,14,DAL,REG,PHI,455,3,2,12.347931181089924,142,0,-6.38672471918818,2,0,0,0,0,11,110,6
2018,14,DEN,REG,SF,186,1,0,-6.6911701211938635,103,1,-0.5403331457928289,3,1,0,0,0,11,62,5
2018,14,DET,REG,ARI,101,0,0,-5.586610378231853,122,1,-0.3392468579943815,3,1,1,1,0,7,68,2
2018,14,GB,REG,ATL,196,2,0,2.7931486753386565,138,1,3.896208477439359,1,1,1,2,0,6,37,4
2018,14,HOU,REG,IND,267,1,0,3.617449871439021,89,2,-2.1458703805110417,2,1,0,0,0,7,35,4
2018,14,IND,REG,HOU,399,2,1,11.074070079096325,50,1,-4.525142574275378,5,0,0,1,0,9,59,3
2018,14,JAX,REG,TEN,240,1,0,-9.661639354482759,60,0,-3.9554818425676785,1,1,0,0,1,7,67,1
2018,14,KC,REG,BAL,377,2,1,11.843110061586904,94,1,-1.7389659183799298,2,0,0,0,0,7,53,7
2018,14,LA,REG,CHI,187,0,4,-19.781768280131153,52,0,-0.484828677988844,1,3,0,0,0,9,57,6
2018,14,LAC,REG,CIN,220,1,0,3.607112901611325,85,1,0.11106262427136881,3,0,0,0,0,6,38,3
2018,14,LV,REG,PIT,322,2,0,12.681608108192108,55,1,-3.0353084507223684,1,1,0,0,0,13,130,4
2018,14,MIA,REG,NE,265,3,0,8.798772519570775,189,2,11.640469968726393,2,0,0,2,0,7,81,6
2018,14,MIN,REG,SEA,208,1,0,-11.92749494103834,77,0,-4.737463290686719,2,1,0,0,0,4,51,3
2018,14,NE,REG,MIA,358,3,0,19.845912786265306,77,1,-6.677671499342825,5,0,0,0,0,5,30,4
2018,14,NO,REG,TB,201,1,1,1.3047120887628108,100,2,0.39561679964125984,4,1,0,0,0,6,51,6
2018,14,NYG,REG,WAS,197,3,1,1.229375567560771,227,1,2.493021413189126,5,3,1,0,0,2,18,3
2018,14,NYJ,REG,BUF,170,1,1,5.336431169389471,78,2,-3.756362282172182,3,2,0,NA,0,7,93,1
2018,14,PHI,REG,DAL,228,3,0,5.1367695961473965,34,0,-8.166494070319459,3,2,0,0,0,5,49,5
2018,14,PIT,REG,LV,306,2,1,10.753485262552129,40,1,-2.515317060286179,3,0,0,0,0,2,14,5
2018,14,SEA,REG,MIN,72,0,1,-13.040801968403958,214,1,8.141176359524252,2,0,0,0,0,4,45,5
2018,14,SF,REG,DEN,332,2,1,7.46069634057212,84,0,-6.162901815841906,2,0,0,1,0,11,87,5
2018,14,TB,REG,NO,213,2,1,-3.589767270943941,105,0,-0.20477212787955068,1,1,0,0,0,10,84,5
2018,14,TEN,REG,JAX,162,0,1,2.1726481741009005,264,4,6.396667680819519,4,0,0,1,0,3,30,3
2018,14,WAS,REG,NYG,233,1,3,-14.488153339683542,84,1,-3.8450327510363422,2,1,0,1,0,15,135,3
2018,15,ARI,REG,ATL,243,1,2,-17.371818611514755,60,1,-5.513265376386698,2,0,0,0,0,8,75,2
2018,15,ATL,REG,ARI,231,2,0,2.609634593727817,215,2,8.439706832054071,7,2,1,0,0,6,50,2
2018,15,BAL,REG,TB,131,1,0,-0.016417037785522393,242,1,-0.6938646882060451,1,1,0,1,0,8,70,3
2018,15,BUF,REG,DET,204,1,0,2.6441802412155084,117,1,-5.060333794390317,0,0,0,0,0,3,20,3
2018,15,CAR,REG,NO,181,1,1,-4.971002121572383,98,0,-3.8049983832170255,2,1,0,0,0,4,48,5
2018,15,CHI,REG,GB,235,2,0,12.722823576309686,100,1,-12.455476983217523,5,1,0,0,0,4,24,4
2018,15,CIN,REG,LV,130,1,1,-5.7193790291453475,171,2,1.508326618175488,5,0,0,0,0,9,85,1
2018,15,CLE,REG,DEN,188,2,1,-2.2820318743715973,134,0,-4.642657660471741,2,2,0,0,0,6,75,3
2018,15,DAL,REG,IND,206,0,1,-11.748634672411317,112,0,1.6620445139124058,0,0,0,0,0,9,74,5
2018,15,DEN,REG,CLE,257,0,2,-0.051556780567115545,32,1,-6.100540069281124,2,1,0,0,0,8,51,5
2018,15,DET,REG,BUF,208,1,0,2.197360795610341,105,1,0.6311423077131622,1,0,0,0,0,4,81,3
2018,15,GB,REG,CHI,274,0,1,-1.224826258727949,88,1,-1.7511792953009717,1,0,0,1,0,7,48,6
2018,15,HOU,REG,NYJ,294,2,0,6.71497240228048,47,0,-5.729350632908243,3,0,0,0,0,5,43,3
2018,15,IND,REG,DAL,192,0,0,6.650263011323295,178,2,-1.7620606925829545,3,1,0,0,0,6,55,3
2018,15,JAX,REG,WAS,57,0,1,-21.31729784571962,172,0,6.487178761020076,3,0,0,0,0,8,55,3
2018,15,KC,REG,LAC,243,2,0,10.18210533389356,60,2,2.9804190874565393,5,2,0,0,0,10,66,5
2018,15,LA,REG,PHI,339,0,1,-5.14108144386751,82,2,0.5000828870979603,0,1,0,1,0,5,50,6
2018,15,LAC,REG,KC,313,2,2,6.6275281536947,119,2,4.870006468787324,2,0,0,1,0,7,50,4
2018,15,LV,REG,CIN,263,1,0,-4.49533297949033,68,0,-6.604931267327629,1,1,0,0,0,8,90,6
2018,15,MIA,REG,MIN,108,0,0,-24.138565772233044,156,1,2.5486866942374036,2,1,1,2,0,8,49,3
2018,15,MIN,REG,MIA,215,2,1,-1.61943543068183,220,3,4.4729540043044835,9,0,0,0,0,6,45,1
2018,15,NE,REG,PIT,279,1,1,1.6708169225603342,96,0,1.6650097061647102,2,2,0,0,0,14,106,3
2018,15,NO,REG,CAR,203,0,1,-7.627305285002343,155,1,-2.2035986693226732,4,1,0,0,0,9,80,4
2018,15,NYG,REG,TEN,229,0,1,-11.655017948389286,47,0,-4.55058603323414,1,0,0,0,0,10,58,6
2018,15,NYJ,REG,HOU,253,2,0,5.57386388787436,90,1,-8.260249652666971,6,0,0,0,0,9,60,6
2018,15,PHI,REG,LA,270,0,1,7.749633160033678,111,3,-1.5140233581721518,2,1,0,0,0,6,49,3
2018,15,PIT,REG,NE,235,2,2,3.9538565472711107,158,0,3.396140891534742,1,1,0,0,0,4,40,3
2018,15,SEA,REG,SF,237,2,0,8.628185285855881,168,1,1.9938898019609042,3,0,0,0,0,14,148,3
2018,15,SF,REG,SEA,275,1,0,9.219761528255436,94,0,-9.09998777453951,3,0,0,0,0,8,66,3
2018,15,TB,REG,BAL,157,0,1,-9.094646369476052,85,1,0.34255930320080363,2,0,0,0,0,6,58,4
2018,15,TEN,REG,NYG,94,0,0,-3.237220687856483,215,2,7.471546100743581,3,1,0,0,0,4,35,3
2018,15,WAS,REG,JAX,151,1,0,2.6624575299284317,109,0,-4.096761050147668,6,1,0,1,0,6,48,4
2018,16,ARI,REG,LA,182,1,0,-5.186558540357684,104,0,-1.0740416033847557,2,0,0,0,0,7,54,3
2018,16,ATL,REG,CAR,239,3,0,6.081744610352409,194,0,-3.144157524628099,2,3,0,0,0,4,41,3
2018,16,BAL,REG,LAC,204,1,0,2.7359859769213326,159,0,-9.079083416438568,4,2,0,0,0,4,40,3
2018,16,BUF,REG,NE,217,1,2,-11.904091583671825,72,0,-3.0071434213314205,1,2,0,0,0,3,29,5
2018,16,CAR,REG,ATL,312,1,3,-14.488040079711936,141,0,5.341182421535381,1,0,0,0,0,10,86,4
2018,16,CHI,REG,SF,246,1,0,10.043304651180954,90,1,-2.7994832976255566,1,1,0,0,0,4,30,3
2018,16,CIN,REG,CLE,133,2,0,2.076802835415908,102,0,-1.4549978028226178,0,0,0,0,0,3,15,5
2018,16,CLE,REG,CIN,347,3,0,18.682222630465077,146,0,0.35005297561292537,3,0,0,0,0,6,57,0
2018,16,DAL,REG,TB,161,1,0,2.4865526465247214,80,1,-5.7327425086987205,3,0,0,0,0,10,67,2
2018,16,DEN,REG,LV,202,2,2,-2.7436899838716036,100,0,3.065997217199765,1,0,0,0,0,11,91,5
2018,16,DET,REG,MIN,161,0,0,-21.32247681228848,86,0,-6.862334522299733,2,0,0,1,0,7,55,5
2018,16,GB,REG,NYJ,442,2,0,15.91200858362359,127,3,11.202055834437605,2,0,0,1,0,10,86,6
2018,16,HOU,REG,PHI,339,2,0,7.920985762997141,62,2,0.8622559013892896,1,1,0,0,0,10,61,3
2018,16,IND,REG,NYG,357,2,1,12.976798371964833,49,2,-0.06671639319392852,0,1,0,0,0,6,29,3
2018,16,JAX,REG,MIA,145,0,0,-2.5492507332694645,126,1,-1.5623579821549356,3,1,1,0,0,10,97,3
2018,16,KC,REG,SEA,273,3,0,7.724639018428455,154,0,4.775155965166166,3,0,0,0,0,8,76,6
2018,16,LA,REG,ARI,216,1,0,4.290715198002439,269,3,14.610764985395349,4,0,0,0,0,6,66,2
2018,16,LAC,REG,BAL,181,0,2,-10.293822553751617,51,1,-3.1866896424326114,3,0,0,1,0,8,69,4
2018,16,LV,REG,DEN,167,0,0,4.14407780887119,114,2,-6.4197916282573715,1,2,0,0,0,6,50,4
2018,16,MIA,REG,JAX,146,1,1,-8.278498843009814,62,0,-8.012571788567584,5,0,0,0,0,10,95,4
2018,16,MIN,REG,DET,253,3,0,9.854740493668013,100,0,-8.341877614993582,3,0,0,0,0,11,78,4
2018,16,NE,REG,BUF,126,1,2,-15.077371276565827,273,2,5.957851134287049,0,2,0,0,0,5,49,0
2018,16,NO,REG,PIT,326,1,1,4.123860286328295,57,3,0.5477338563359808,3,0,0,0,0,9,91,3
2018,16,NYG,REG,IND,309,1,1,18.503647317028758,83,2,-2.7527835388318636,1,1,0,0,0,6,24,2
2018,16,NYJ,REG,GB,341,3,0,20.11229764709951,47,1,-3.623472648439929,4,0,0,2,0,16,172,4
2018,16,PHI,REG,HOU,471,4,1,18.236181625587168,57,0,-8.638332419606524,4,0,0,0,0,11,105,6
2018,16,PIT,REG,NO,380,3,0,17.154086148553304,65,0,-8.995697440055665,2,1,0,0,0,6,79,4
2018,16,SEA,REG,KC,271,3,0,13.018152937503991,210,2,3.978468735149363,1,0,0,1,0,3,20,4
2018,16,SF,REG,CHI,241,0,1,-2.1397534874237434,47,0,-3.155929305074015,3,0,0,0,0,6,45,6
2018,16,TB,REG,DAL,336,1,0,8.108424953223784,63,1,-15.470304085261887,1,0,0,0,0,9,72,5
2018,16,TEN,REG,WAS,211,1,0,5.680715242316875,99,1,-1.6725615788891446,2,2,1,0,0,2,10,5
2018,16,WAS,REG,TEN,153,1,2,-2.784363169969052,161,0,1.6437901054741815,3,0,0,0,0,8,49,4
2018,17,ARI,REG,SEA,149,1,0,-21.22010680354531,85,0,-1.1947408868726344,6,1,0,1,0,3,20,5
2018,17,ATL,REG,TB,383,3,1,16.979669669781117,109,1,-2.517240795009625,1,1,0,0,0,9,85,5
2018,17,BAL,REG,CLE,179,0,0,0.11878494844699627,296,2,6.469166504772311,0,3,0,0,0,10,65,3
2018,17,BUF,REG,MIA,224,3,1,6.244505532114999,166,3,4.122546057951755,4,2,0,0,0,3,24,3
2018,17,CAR,REG,NO,268,2,0,10.56514125883124,111,2,-5.026403967872936,2,1,0,0,0,2,10,3
2018,17,CHI,REG,MIN,163,0,0,2.560917684619315,169,3,2.1042051644523365,4,0,0,1,0,11,102,5
2018,17,CIN,REG,PIT,95,0,0,-12.280903726100194,125,0,1.8317158609279431,1,1,1,0,0,9,85,3
2018,17,CLE,REG,BAL,376,3,3,7.672706969632342,50,0,-2.046640857239254,2,0,0,0,0,4,35,4
2018,17,DAL,REG,NYG,387,4,0,24.69278330000641,51,1,-4.9303468388388865,1,1,0,0,0,6,46,3
2018,17,DEN,REG,LAC,292,1,1,-4.066086258293969,82,0,-10.040057476406218,0,2,0,0,0,11,99,4
2018,17,DET,REG,GB,274,3,0,21.58976326474568,130,1,-4.739526019839104,3,1,0,0,0,3,34,1
2018,17,GB,REG,DET,158,0,1,-23.570377472380642,46,0,3.4315276498673484,1,0,0,0,0,5,38,3
2018,17,HOU,REG,JAX,234,0,0,-2.396857024054336,134,2,-6.037255356495734,3,1,0,1,0,2,15,2
2018,17,IND,REG,TEN,285,3,1,10.925210048215813,158,1,-6.282505116316268,0,2,0,0,0,12,96,1
2018,17,JAX,REG,HOU,107,0,1,-14.25383810087246,30,0,-7.298903928953223,6,0,0,1,0,8,68,4
2018,17,KC,REG,LV,310,2,1,16.33986160386121,99,2,-1.5643562496406958,3,2,1,0,0,4,50,3
2018,17,LA,REG,SF,222,4,0,15.438969202794922,155,1,-6.311901283217594,3,3,1,1,0,6,57,3
2018,17,LAC,REG,DEN,176,1,2,-4.220717985183001,116,1,-6.026801835367223,1,1,0,1,0,6,51,2
2018,17,LV,REG,KC,185,0,2,-16.24728716755431,127,0,-5.458839888859075,0,1,0,0,0,4,22,2
2018,17,MIA,REG,BUF,150,1,2,-15.560842161234056,99,0,-7.36041976645356,1,1,1,0,0,4,35,2
2018,17,MIN,REG,CHI,132,1,0,-22.892392994439593,63,0,-0.00625573645811528,0,0,0,0,0,3,30,4
2018,17,NE,REG,NYJ,250,4,0,12.980893960751294,131,0,0.296887432661606,4,0,0,0,0,4,30,3
2018,17,NO,REG,CAR,118,1,1,-7.1145000829710625,184,1,0.47435098222922534,1,0,0,0,0,6,94,3
2018,17,NYG,REG,DAL,301,2,1,4.1728322159083024,143,2,7.603376836217173,4,0,0,0,0,11,78,4
2018,17,NYJ,REG,NE,167,0,0,-10.088214210369319,104,0,-15.58922136540059,1,0,0,0,0,4,30,1
2018,17,PHI,REG,WAS,243,3,1,9.054157740828238,129,0,1.0640568429371342,4,1,0,0,0,5,25,2
2018,17,PIT,REG,CIN,287,1,1,-3.2208767050899234,65,0,-4.021767893107608,4,0,0,0,0,9,70,3
2018,17,SEA,REG,ARI,152,1,1,-10.088028335098858,182,2,2.2380251599663468,5,0,0,0,0,1,10,3
2018,17,SF,REG,LA,282,3,3,1.8879660513340495,127,1,-4.86241246224216,0,0,0,0,0,5,41,5
2018,17,TB,REG,ATL,345,4,1,8.556413776242682,92,0,0.2697631909395568,1,1,0,1,0,3,30,4
2018,17,TEN,REG,IND,165,1,2,-15.34206027356652,93,0,0.030927963089197874,1,1,1,1,0,9,75,4
2018,17,WAS,REG,PHI,98,0,1,-15.870163307583425,21,0,-6.164168990333565,3,1,0,0,0,2,15,1
2018,18,BAL,POST,LAC,194,2,1,-5.418881227262318,90,0,-10.498117467797412,1,0,0,0,0,7,41,5
2018,18,CHI,POST,PHI,303,1,0,5.173021797782177,65,0,-3.366183281708033,1,2,0,0,0,3,52,6
2018,18,DAL,POST,SEA,226,1,1,-1.678097550468606,164,2,3.379705856379587,1,0,0,0,0,6,36,2
2018,18,HOU,POST,IND,235,1,1,-12.567946621507872,105,0,6.020279509422835,0,1,0,0,0,8,67,5
2018,18,IND,POST,HOU,222,2,1,4.068261967448052,200,1,1.2629780131974258,3,1,0,0,0,2,10,3
2018,18,LAC,POST,BAL,160,0,0,-1.4061353211120198,89,1,-4.759940781238018,7,1,0,0,0,5,35,5
2018,18,PHI,POST,CHI,266,2,2,5.669450914022115,42,0,-8.54695393565623,2,0,0,0,0,3,25,4
2018,18,SEA,POST,DAL,233,1,0,3.1194206712800083,73,1,-3.3420738245614476,1,1,0,0,0,5,36,6
2018,19,DAL,POST,LA,266,1,0,5.922619347868022,50,2,0.23957352887373418,0,0,0,0,0,4,26,4
2018,19,IND,POST,KC,203,1,0,-15.196594071634227,87,0,2.557152454450261,4,0,0,0,0,10,70,6
2018,19,KC,POST,IND,278,0,0,-0.7167118332557987,180,4,11.147632736654487,3,0,0,1,0,6,54,1
2018,19,LA,POST,DAL,186,0,0,2.7170773542933526,273,3,13.707086447732232,1,0,0,0,0,4,41,6
2018,19,LAC,POST,NE,331,3,1,8.800374137005072,19,1,-1.4112202823453117,0,0,0,1,0,5,33,5
2018,19,NE,POST,LAC,343,1,0,13.966160070592903,155,4,3.012652286182856,2,1,0,0,0,9,75,5
2018,19,NO,POST,PHI,301,2,1,10.099555911119904,137,0,-1.1015498922920945,0,2,0,0,0,11,84,6
2018,19,PHI,POST,NO,201,1,2,-2.122146455629263,49,1,-2.215304059907794,2,1,0,0,0,4,30,5
2018,20,KC,POST,NE,295,3,0,7.347626668587607,41,1,-1.066256457066629,0,2,0,0,0,4,28,4
2018,20,LA,POST,NO,309,1,1,4.413632485267543,77,1,-4.091943453764543,2,1,0,0,0,7,64,6
2018,20,NE,POST,KC,348,1,2,12.540144872386009,176,4,3.2454056772706235,4,0,0,0,0,6,61,3
2018,20,NO,POST,LA,249,2,1,0.63205973458291,48,0,-7.184859326400328,1,1,0,0,0,3,20,5
2018,21,LA,POST,NE,229,0,1,-11.301456790035692,62,0,-3.2565115567995235,1,1,0,0,0,9,65,4
2018,21,NE,POST,LA,262,0,1,-2.648325065099364,154,1,0.43356081928868395,4,1,0,0,0,3,20,4
